<?xml version="1.0" encoding="UTF-8"?>
<project-private xmlns="http://www.netbeans.org/ns/project-private/1">
    <editor-bookmarks xmlns="http://www.netbeans.org/ns/editor-bookmarks/2" lastBookmarkId="2"/>
    <open-files xmlns="http://www.netbeans.org/ns/projectui-open-files/2">
        <group name="ADT">
            <file>file:/C:/Users/asolcanu/Desktop/Lab_7_Demo/src/UserInterface/Doctor/ViewVitalSignHistoryJPanel.java</file>
            <file>file:/C:/Users/asolcanu/Desktop/Lab_7_Demo/src/UserInterface/SystemAdministrator/ViewNumberofPatients.java</file>
            <file>file:/C:/Users/asolcanu/Desktop/Lab_7_Demo/src/UserInterface/Patient/ViewPreviousConsultationDetailsJPanel.java</file>
            <file>file:/C:/Users/asolcanu/Desktop/Lab_7_Demo/src/Business/Patient/PatientRecordDirectory.java</file>
            <file>file:/C:/Users/asolcanu/Desktop/Lab_7_Demo/src/Business/ConfigureABusiness.java</file>
            <file>file:/C:/Users/asolcanu/Desktop/Lab_7_Demo/src/UserInterface/Doctor/AddPatientDiagnosisSummaryJPanel.java</file>
            <file>file:/C:/Users/asolcanu/Desktop/Lab_7_Demo/src/UserInterface/SystemAdministrator/SystemAdministratorWorkAreaJPanel.java</file>
            <file>file:/C:/Users/asolcanu/Desktop/Lab_7_Demo/src/Business/Doctor/DoctorDirectory.java</file>
            <file>file:/C:/Users/asolcanu/Desktop/Lab_7_Demo/src/UserInterface/Doctor/DoctorWorkAreaJPanel.java</file>
            <file>file:/C:/Users/asolcanu/Desktop/Lab_7_Demo/src/UserInterface/Patient/PatientWorkAreaJPanel.java</file>
            <file>file:/C:/Users/asolcanu/Desktop/Lab_7_Demo/src/UserInterface/SecurityAdministrator/CostAnalysisJPanel.java</file>
            <file>file:/C:/Users/asolcanu/Desktop/Lab_7_Demo/src/UserInterface/Doctor/AddVitalSignJPanel.java</file>
            <file>file:/C:/Users/asolcanu/Desktop/Lab_7_Demo/src/Business/Patient/VitalSigns.java</file>
            <file>file:/C:/Users/asolcanu/Desktop/Lab_7_Demo/src/UserInterface/SystemAdministrator/ViewDailySurvivallenceReportJPanel.java</file>
            <file>file:/C:/Users/asolcanu/Desktop/Lab_7_Demo/src/UserInterface/SystemAdministrator/ViewCostAnalysisReport.java</file>
        </group>
        <group/>
    </open-files>
</project-private>
